day_name,day,hour,ta
Monday,0,7,22.18045454545455
Monday,0,14,22.45695652173913
